{
  "Version": "2012-10-17",
  "Statement": [
    {
      "Sid": "ChimeMeetingsPermissions",
      "Effect": "Allow",
      "Action": [
        "chime:CreateMeeting",
        "chime:CreateAttendee",
        "chime:DeleteMeeting"
      ],
      "Resource": "*"
    },
    {
      "Sid": "CloudWatchLogs",
      "Effect": "Allow",
      "Action": [
        "logs:CreateLogGroup",
        "logs:CreateLogStream",
        "logs:PutLogEvents"
      ],
      "Resource": "*"
    }
  ]
}
